,image,etiqueta
0,001_fe3347c0.jpg,Angelina Jolie
1,002_8f8da10e.jpg,Angelina Jolie
2,003_57612506.jpg,Angelina Jolie
3,004_f61e7d0c.jpg,Angelina Jolie
4,005_582c121a.jpg,Angelina Jolie
5,006_9135205d.jpg,Angelina Jolie
6,007_cabbfcbb.jpg,Angelina Jolie
7,008_d1f87068.jpg,Angelina Jolie
8,009_fb3e6174.jpg,Angelina Jolie
9,010_f99d79e3.jpg,Angelina Jolie
10,011_7344ca35.jpg,Angelina Jolie
11,012_cfcd4007.jpg,Angelina Jolie
12,013_95ecbd39.jpg,Angelina Jolie
13,014_0d29db88.jpg,Angelina Jolie
14,015_8bac79b5.jpg,Angelina Jolie
15,016_8945d6ca.jpg,Angelina Jolie
16,017_e28ea9d4.jpg,Angelina Jolie
17,018_fcafe1a8.jpg,Angelina Jolie
18,019_57ab290d.jpg,Angelina Jolie
19,020_4c4b655f.jpg,Angelina Jolie
20,021_6e419870.jpg,Angelina Jolie
21,022_b497b92e.jpg,Angelina Jolie
22,023_7781dd1c.jpg,Angelina Jolie
23,024_ca32be97.jpg,Angelina Jolie
24,025_41cee764.jpg,Angelina Jolie
25,026_2828fcaf.jpg,Angelina Jolie
26,027_58887f30.jpg,Angelina Jolie
27,028_6a0ff8de.jpg,Angelina Jolie
28,029_f2882b0d.jpg,Angelina Jolie
29,030_66bddeb6.jpg,Angelina Jolie
30,031_2364f4d8.jpg,Angelina Jolie
31,032_db66bd61.jpg,Angelina Jolie
32,033_23e68208.jpg,Angelina Jolie
33,034_418fbbdb.jpg,Angelina Jolie
34,035_2e497561.jpg,Angelina Jolie
35,036_3e807a88.jpg,Angelina Jolie
36,037_62d00a09.jpg,Angelina Jolie
37,038_e40d5b16.jpg,Angelina Jolie
38,039_6b10ab98.jpg,Angelina Jolie
39,040_2ef814c7.jpg,Angelina Jolie
40,041_abf5c9cb.jpg,Angelina Jolie
41,042_2ccd070f.jpg,Angelina Jolie
42,043_b812749f.jpg,Angelina Jolie
43,044_512dfd33.jpg,Angelina Jolie
44,045_c560251e.jpg,Angelina Jolie
45,046_d93a2c2d.jpg,Angelina Jolie
46,047_5350c8c0.jpg,Angelina Jolie
47,048_0a32a483.jpg,Angelina Jolie
48,049_4d6df392.jpg,Angelina Jolie
49,050_7c5b026c.jpg,Angelina Jolie
50,051_268fdfd7.jpg,Angelina Jolie
51,052_6db5f5bf.jpg,Angelina Jolie
52,053_05c78fa1.jpg,Angelina Jolie
53,054_7ba62f81.jpg,Angelina Jolie
54,055_aaaf063c.jpg,Angelina Jolie
55,056_97412d14.jpg,Angelina Jolie
56,057_7f34f0f4.jpg,Angelina Jolie
57,058_02860eff.jpg,Angelina Jolie
58,059_df425619.jpg,Angelina Jolie
59,060_4037f0f7.jpg,Angelina Jolie
60,061_e18ba2b0.jpg,Angelina Jolie
61,062_6aa9cf8f.jpg,Angelina Jolie
62,063_c486d5ef.jpg,Angelina Jolie
63,064_0de68937.jpg,Angelina Jolie
64,065_689150aa.jpg,Angelina Jolie
65,066_b378479b.jpg,Angelina Jolie
66,067_ff52c2fe.jpg,Angelina Jolie
67,068_2fb110d1.jpg,Angelina Jolie
68,069_9d0e44d5.jpg,Angelina Jolie
69,070_1a4312d2.jpg,Angelina Jolie
70,071_b537dbca.jpg,Angelina Jolie
71,072_8d068904.jpg,Angelina Jolie
72,073_9f1d377a.jpg,Angelina Jolie
73,074_0ec79719.jpg,Angelina Jolie
74,075_4c504eec.jpg,Angelina Jolie
75,076_1d914d5b.jpg,Angelina Jolie
76,077_27650aa3.jpg,Angelina Jolie
77,078_044866e7.jpg,Angelina Jolie
78,079_40a598dc.jpg,Angelina Jolie
79,080_e998ab00.jpg,Angelina Jolie
80,081_12fb31ec.jpg,Angelina Jolie
81,082_047778bb.jpg,Angelina Jolie
82,083_bdada1e2.jpg,Angelina Jolie
83,084_da751ddd.jpg,Angelina Jolie
84,085_f579db33.jpg,Angelina Jolie
85,086_f2c730f3.jpg,Angelina Jolie
86,087_f325890f.jpg,Angelina Jolie
87,088_029ffc54.jpg,Angelina Jolie
88,089_33e36564.jpg,Angelina Jolie
89,090_da55509f.jpg,Angelina Jolie
90,091_b5b4a62f.jpg,Angelina Jolie
91,092_26130bb1.jpg,Angelina Jolie
92,093_6ce62543.jpg,Angelina Jolie
93,094_c255b703.jpg,Angelina Jolie
94,095_0be163a1.jpg,Angelina Jolie
95,096_75710434.jpg,Angelina Jolie
96,097_9a6bf61f.jpg,Angelina Jolie
97,098_dd1405fc.jpg,Angelina Jolie
98,099_c22d3e48.jpg,Angelina Jolie
99,100_31ff9373.jpg,Angelina Jolie
100,001_08194468.jpg,Leonardo DiCaprio
101,002_86e8aa58.jpg,Leonardo DiCaprio
102,003_85990366.jpg,Leonardo DiCaprio
103,004_af012af1.jpg,Leonardo DiCaprio
104,005_7fe5b764.jpg,Leonardo DiCaprio
105,006_30010640.jpg,Leonardo DiCaprio
106,007_6ca7c622.jpg,Leonardo DiCaprio
107,008_35daa4bc.jpg,Leonardo DiCaprio
108,009_b86449f6.jpg,Leonardo DiCaprio
109,010_2f9c83bc.jpg,Leonardo DiCaprio
110,011_0549f94d.jpg,Leonardo DiCaprio
111,012_d7aea1e6.jpg,Leonardo DiCaprio
112,013_ca6af517.jpg,Leonardo DiCaprio
113,014_539eee38.jpg,Leonardo DiCaprio
114,015_2872d02b.jpg,Leonardo DiCaprio
115,016_7b57be6a.jpg,Leonardo DiCaprio
116,017_51311450.jpg,Leonardo DiCaprio
117,018_2c458568.jpg,Leonardo DiCaprio
118,019_78627223.jpg,Leonardo DiCaprio
119,020_14f28bc8.jpg,Leonardo DiCaprio
120,021_eecdee92.jpg,Leonardo DiCaprio
121,022_66e94346.jpg,Leonardo DiCaprio
122,023_0367d72c.jpg,Leonardo DiCaprio
123,024_bf83d073.jpg,Leonardo DiCaprio
124,025_e5920270.jpg,Leonardo DiCaprio
125,026_ecbdaaa7.jpg,Leonardo DiCaprio
126,027_7094e195.jpg,Leonardo DiCaprio
127,028_38a65d29.jpg,Leonardo DiCaprio
128,029_8522ebc8.jpg,Leonardo DiCaprio
129,030_60acb78e.jpg,Leonardo DiCaprio
130,031_28a211fc.jpg,Leonardo DiCaprio
131,032_00aee064.jpg,Leonardo DiCaprio
132,033_312ea9ed.jpg,Leonardo DiCaprio
133,034_00c6d43e.jpg,Leonardo DiCaprio
134,035_ab7cf1c4.jpg,Leonardo DiCaprio
135,036_f5ea9e84.jpg,Leonardo DiCaprio
136,037_fe4d2d8f.jpg,Leonardo DiCaprio
137,038_b52784d4.jpg,Leonardo DiCaprio
138,039_d49e8191.jpg,Leonardo DiCaprio
139,040_3a2c98cd.jpg,Leonardo DiCaprio
140,041_c91b0923.jpg,Leonardo DiCaprio
141,042_bfbfd7d8.jpg,Leonardo DiCaprio
142,043_93a5e582.jpg,Leonardo DiCaprio
143,044_f13caf17.jpg,Leonardo DiCaprio
144,045_d074e61c.jpg,Leonardo DiCaprio
145,046_db08e5f7.jpg,Leonardo DiCaprio
146,047_ce57f03b.jpg,Leonardo DiCaprio
147,048_f82caaae.jpg,Leonardo DiCaprio
148,049_37f969c1.jpg,Leonardo DiCaprio
149,050_e7bdecc0.jpg,Leonardo DiCaprio
150,051_38196d60.jpg,Leonardo DiCaprio
151,052_74c7be90.jpg,Leonardo DiCaprio
152,053_8bfac05e.jpg,Leonardo DiCaprio
153,054_1de20f77.jpg,Leonardo DiCaprio
154,055_ba4ace00.jpg,Leonardo DiCaprio
155,056_13edab75.jpg,Leonardo DiCaprio
156,057_f0c37eee.jpg,Leonardo DiCaprio
157,058_0a6c61e9.jpg,Leonardo DiCaprio
158,059_1027f3c2.jpg,Leonardo DiCaprio
159,060_668ebb3f.jpg,Leonardo DiCaprio
160,061_57c86521.jpg,Leonardo DiCaprio
161,062_67f50ec4.jpg,Leonardo DiCaprio
162,063_55002ecd.jpg,Leonardo DiCaprio
163,064_397fd4d4.jpg,Leonardo DiCaprio
164,065_e739f721.jpg,Leonardo DiCaprio
165,066_f048ba09.jpg,Leonardo DiCaprio
166,067_a0efbd88.jpg,Leonardo DiCaprio
167,068_a703f85f.jpg,Leonardo DiCaprio
168,069_b5219746.jpg,Leonardo DiCaprio
169,070_ae3a4fa0.jpg,Leonardo DiCaprio
170,071_a052296d.jpg,Leonardo DiCaprio
171,072_c887ec5c.jpg,Leonardo DiCaprio
172,073_42e32f65.jpg,Leonardo DiCaprio
173,074_2b2a84b6.jpg,Leonardo DiCaprio
174,075_c2c28553.jpg,Leonardo DiCaprio
175,076_6fca3a0c.jpg,Leonardo DiCaprio
176,077_cd8dcf22.jpg,Leonardo DiCaprio
177,078_a7fd9be1.jpg,Leonardo DiCaprio
178,079_6ec91919.jpg,Leonardo DiCaprio
179,080_2bffea0b.jpg,Leonardo DiCaprio
180,081_a32678db.jpg,Leonardo DiCaprio
181,082_d797cdf3.jpg,Leonardo DiCaprio
182,083_f80d8a01.jpg,Leonardo DiCaprio
183,084_08314073.jpg,Leonardo DiCaprio
184,085_a292bf25.jpg,Leonardo DiCaprio
185,086_a1441427.jpg,Leonardo DiCaprio
186,087_1382b266.jpg,Leonardo DiCaprio
187,088_41213f8b.jpg,Leonardo DiCaprio
188,089_8e7757ef.jpg,Leonardo DiCaprio
189,090_b316be20.jpg,Leonardo DiCaprio
190,091_e39f525d.jpg,Leonardo DiCaprio
191,092_cbc6d525.jpg,Leonardo DiCaprio
192,093_811dc474.jpg,Leonardo DiCaprio
193,094_78e0fb7b.jpg,Leonardo DiCaprio
194,095_7ffaffe6.jpg,Leonardo DiCaprio
195,096_c30a9446.jpg,Leonardo DiCaprio
196,097_1837d89e.jpg,Leonardo DiCaprio
197,098_f0bc37c7.jpg,Leonardo DiCaprio
198,099_c25b7b04.jpg,Leonardo DiCaprio
199,100_ec9fe97f.jpg,Leonardo DiCaprio
200,001_504d320d.jpg,Nicole Kidman
201,002_36285f46.jpg,Nicole Kidman
202,003_98a0852a.jpg,Nicole Kidman
203,004_3491d187.jpg,Nicole Kidman
204,005_0623ac96.jpg,Nicole Kidman
205,006_04d74e12.jpg,Nicole Kidman
206,007_76dc423a.jpg,Nicole Kidman
207,008_3bfedab8.jpg,Nicole Kidman
208,009_8844bacc.jpg,Nicole Kidman
209,010_ce5bd8a2.jpg,Nicole Kidman
210,011_71969f29.jpg,Nicole Kidman
211,012_b26d9a9d.jpg,Nicole Kidman
212,013_2bff574a.jpg,Nicole Kidman
213,014_bbe9116e.jpg,Nicole Kidman
214,015_d6354178.jpg,Nicole Kidman
215,016_a669f24c.jpg,Nicole Kidman
216,017_110dcc6a.jpg,Nicole Kidman
217,018_9d776351.jpg,Nicole Kidman
218,019_43561f73.jpg,Nicole Kidman
219,020_36cd1f03.jpg,Nicole Kidman
220,021_7b2a627c.jpg,Nicole Kidman
221,022_04cbae20.jpg,Nicole Kidman
222,023_559a07b6.jpg,Nicole Kidman
223,024_482f43ed.jpg,Nicole Kidman
224,025_77aaff05.jpg,Nicole Kidman
225,026_0d302cfc.jpg,Nicole Kidman
226,027_6ef3705e.jpg,Nicole Kidman
227,028_febcaba9.jpg,Nicole Kidman
228,029_cb46b2bb.jpg,Nicole Kidman
229,030_ea2a7db1.jpg,Nicole Kidman
230,031_55e30033.jpg,Nicole Kidman
231,032_86343336.jpg,Nicole Kidman
232,033_8bed6926.jpg,Nicole Kidman
233,034_45ff908d.jpg,Nicole Kidman
234,035_2f9d5c12.jpg,Nicole Kidman
235,036_8dc5a93c.jpg,Nicole Kidman
236,037_cff9f22d.jpg,Nicole Kidman
237,038_0eaf6e02.jpg,Nicole Kidman
238,039_06b7f1ea.jpg,Nicole Kidman
239,040_dec66c8a.jpg,Nicole Kidman
240,041_0ab40c12.jpg,Nicole Kidman
241,042_daa8a279.jpg,Nicole Kidman
242,043_ff5dfc8f.jpg,Nicole Kidman
243,044_6662648a.jpg,Nicole Kidman
244,045_dc66ee1c.jpg,Nicole Kidman
245,046_511d5603.jpg,Nicole Kidman
246,047_73f5796f.jpg,Nicole Kidman
247,048_1ed346ac.jpg,Nicole Kidman
248,049_4d4c9c4e.jpg,Nicole Kidman
249,050_2b2e6e7f.jpg,Nicole Kidman
250,051_0a2d66b7.jpg,Nicole Kidman
251,052_365b9921.jpg,Nicole Kidman
252,053_37764f06.jpg,Nicole Kidman
253,054_5ab3e260.jpg,Nicole Kidman
254,055_1c893dab.jpg,Nicole Kidman
255,056_3a21c6af.jpg,Nicole Kidman
256,057_72a1674e.jpg,Nicole Kidman
257,058_a5eb69fb.jpg,Nicole Kidman
258,059_09cd1b4d.jpg,Nicole Kidman
259,060_58a7a47c.jpg,Nicole Kidman
260,061_edc107ca.jpg,Nicole Kidman
261,062_01fbd0fa.jpg,Nicole Kidman
262,063_34aa92fe.jpg,Nicole Kidman
263,064_1828c4f6.jpg,Nicole Kidman
264,065_d10379ec.jpg,Nicole Kidman
265,066_08ec842b.jpg,Nicole Kidman
266,067_1c283466.jpg,Nicole Kidman
267,068_7c776799.jpg,Nicole Kidman
268,069_12ae7288.jpg,Nicole Kidman
269,070_a4bd7cf0.jpg,Nicole Kidman
270,071_e190c3a2.jpg,Nicole Kidman
271,072_d81ec336.jpg,Nicole Kidman
272,073_0684f60d.jpg,Nicole Kidman
273,074_f13e769d.jpg,Nicole Kidman
274,075_4b3fac46.jpg,Nicole Kidman
275,076_a3e008c1.jpg,Nicole Kidman
276,077_98e4d427.jpg,Nicole Kidman
277,078_191f4273.jpg,Nicole Kidman
278,079_e3bf147b.jpg,Nicole Kidman
279,080_af0ab42d.jpg,Nicole Kidman
280,081_412ea8f5.jpg,Nicole Kidman
281,082_60cd659d.jpg,Nicole Kidman
282,083_b9c10851.jpg,Nicole Kidman
283,084_1eb9844d.jpg,Nicole Kidman
284,085_8f8cc791.jpg,Nicole Kidman
285,086_9b7a99a3.jpg,Nicole Kidman
286,087_32eed8da.jpg,Nicole Kidman
287,088_fce81ee7.jpg,Nicole Kidman
288,089_09b45d05.jpg,Nicole Kidman
289,090_8252f095.jpg,Nicole Kidman
290,091_d4af6789.jpg,Nicole Kidman
291,092_62cd3fd3.jpg,Nicole Kidman
292,093_874dd692.jpg,Nicole Kidman
293,094_4c44e0ab.jpg,Nicole Kidman
294,095_bf0ae200.jpg,Nicole Kidman
295,096_5c89f563.jpg,Nicole Kidman
296,097_d6f6f9cf.jpg,Nicole Kidman
297,098_5224652a.jpg,Nicole Kidman
298,099_015d5f74.jpg,Nicole Kidman
299,100_8a6e3419.jpg,Nicole Kidman
300,001_08212dcd.jpg,Tom Cruise
301,002_6749a2c4.jpg,Tom Cruise
302,003_ed3fb7b1.jpg,Tom Cruise
303,004_dc64d954.jpg,Tom Cruise
304,005_2464c583.jpg,Tom Cruise
305,006_46519378.jpg,Tom Cruise
306,007_0a40d399.jpg,Tom Cruise
307,008_4d5e67ae.jpg,Tom Cruise
308,009_1f22d945.jpg,Tom Cruise
309,010_18d7b27c.jpg,Tom Cruise
310,011_0dda409c.jpg,Tom Cruise
311,012_900c5b05.jpg,Tom Cruise
312,013_712a38d6.jpg,Tom Cruise
313,014_50bc41b8.jpg,Tom Cruise
314,015_8adbc3ae.jpg,Tom Cruise
315,016_9959338f.jpg,Tom Cruise
316,017_e1b1872c.jpg,Tom Cruise
317,018_cae0c8ec.jpg,Tom Cruise
318,019_99363fad.jpg,Tom Cruise
319,020_e616c0af.jpg,Tom Cruise
320,021_f04e960b.jpg,Tom Cruise
321,022_43b050c3.jpg,Tom Cruise
322,023_dd4e8918.jpg,Tom Cruise
323,024_e7356978.jpg,Tom Cruise
324,025_72e3b32b.jpg,Tom Cruise
325,026_f06834e9.jpg,Tom Cruise
326,027_7c6c360c.jpg,Tom Cruise
327,028_a41d259d.jpg,Tom Cruise
328,029_ea3de34c.jpg,Tom Cruise
329,030_377fefef.jpg,Tom Cruise
330,031_df3204d3.jpg,Tom Cruise
331,032_5934eb7a.jpg,Tom Cruise
332,033_d891acbd.jpg,Tom Cruise
333,034_ed2c8762.jpg,Tom Cruise
334,035_34c306d1.jpg,Tom Cruise
335,036_f47a2dc9.jpg,Tom Cruise
336,037_463cf3bd.jpg,Tom Cruise
337,038_02f8e0ee.jpg,Tom Cruise
338,039_107ec01f.jpg,Tom Cruise
339,040_ca0a46b5.jpg,Tom Cruise
340,041_e2eff4e4.jpg,Tom Cruise
341,042_495b3b2e.jpg,Tom Cruise
342,043_be7cc0ea.jpg,Tom Cruise
343,044_8ce8a143.jpg,Tom Cruise
344,045_0b1b7a65.jpg,Tom Cruise
345,046_9ba44e0e.jpg,Tom Cruise
346,047_e8a911aa.jpg,Tom Cruise
347,048_21c4f84a.jpg,Tom Cruise
348,049_78b42871.jpg,Tom Cruise
349,050_278ec040.jpg,Tom Cruise
350,051_566647e1.jpg,Tom Cruise
351,052_60af6c54.jpg,Tom Cruise
352,053_3804bf81.jpg,Tom Cruise
353,054_5e6a651d.jpg,Tom Cruise
354,055_3fd4465f.jpg,Tom Cruise
355,056_158d5258.jpg,Tom Cruise
356,057_e3da0420.jpg,Tom Cruise
357,058_a119b343.jpg,Tom Cruise
358,059_6b515be7.jpg,Tom Cruise
359,060_b53036a3.jpg,Tom Cruise
360,061_aa29ec4f.jpg,Tom Cruise
361,062_d4b7903f.jpg,Tom Cruise
362,063_5b917fac.jpg,Tom Cruise
363,064_871302d1.jpg,Tom Cruise
364,065_22f91b1e.jpg,Tom Cruise
365,066_60ea35c5.jpg,Tom Cruise
366,067_8dcd661e.jpg,Tom Cruise
367,068_02e157e1.jpg,Tom Cruise
368,069_be9dbc40.jpg,Tom Cruise
369,070_86a8dd4b.jpg,Tom Cruise
370,071_0ebe70f4.jpg,Tom Cruise
371,072_dccafedf.jpg,Tom Cruise
372,073_dc7ca0db.jpg,Tom Cruise
373,074_f29224ac.jpg,Tom Cruise
374,075_eed20fb4.jpg,Tom Cruise
375,076_d4ee20ae.jpg,Tom Cruise
376,077_58e430f4.jpg,Tom Cruise
377,078_076c27b8.jpg,Tom Cruise
378,079_fd41500f.jpg,Tom Cruise
379,080_566ea9e9.jpg,Tom Cruise
380,081_d6521f1f.jpg,Tom Cruise
381,082_1ac0f1ee.jpg,Tom Cruise
382,083_63bb9285.jpg,Tom Cruise
383,084_31281f33.jpg,Tom Cruise
384,085_698d9a21.jpg,Tom Cruise
385,086_8a3c6af8.jpg,Tom Cruise
386,087_8fff57dd.jpg,Tom Cruise
387,088_fde7e34b.jpg,Tom Cruise
388,089_20b122f3.jpg,Tom Cruise
389,090_8f4eb0e6.jpg,Tom Cruise
390,091_a9736a22.jpg,Tom Cruise
391,092_53648816.jpg,Tom Cruise
392,093_7e0d43d2.jpg,Tom Cruise
393,094_2f713c67.jpg,Tom Cruise
394,095_08f36cce.jpg,Tom Cruise
395,096_b45f1da1.jpg,Tom Cruise
396,097_914cebdd.jpg,Tom Cruise
397,098_3790f566.jpg,Tom Cruise
398,099_705dbe8c.jpg,Tom Cruise
399,100_hf57889.jpeg,Tom Cruise
400,001_beebcee2.jpg,Will Smith
401,002_078f6fe5.jpg,Will Smith
402,003_936c5a43.jpg,Will Smith
403,004_af9b4c7c.jpg,Will Smith
404,005_37066c18.jpg,Will Smith
405,006_bbb6978e.jpg,Will Smith
406,007_9656ae64.jpg,Will Smith
407,008_cdaf39e7.jpg,Will Smith
408,009_a023db5b.jpg,Will Smith
409,010_8bd7dba1.jpg,Will Smith
410,011_0e0e8b1c.jpg,Will Smith
411,012_19e90fb6.jpg,Will Smith
412,013_19a43131.jpg,Will Smith
413,014_f512d81c.jpg,Will Smith
414,015_8da65114.jpg,Will Smith
415,016_d9c576a4.jpg,Will Smith
416,017_bb6ad7d6.jpg,Will Smith
417,018_d5d389eb.jpg,Will Smith
418,019_33ab99af.jpg,Will Smith
419,020_8e6bdc45.jpg,Will Smith
420,021_3cf2aa92.jpg,Will Smith
421,022_c9c4cb9f.jpg,Will Smith
422,023_cb306a1a.jpg,Will Smith
423,024_b222784a.jpg,Will Smith
424,025_0dc3ad3d.jpg,Will Smith
425,026_4f5bfb2c.jpg,Will Smith
426,027_803986e2.jpg,Will Smith
427,028_05df393f.jpg,Will Smith
428,029_09dcae68.jpg,Will Smith
429,030_df8c8fad.jpg,Will Smith
430,031_7ad763d7.jpg,Will Smith
431,032_2899cee6.jpg,Will Smith
432,033_241ed413.jpg,Will Smith
433,034_32b04ae9.jpg,Will Smith
434,035_9e22f213.jpg,Will Smith
435,036_8751d89b.jpg,Will Smith
436,037_17e4f89a.jpg,Will Smith
437,038_b28dda4c.jpg,Will Smith
438,039_3daa67cf.jpg,Will Smith
439,040_630a0d6a.jpg,Will Smith
440,041_bcfa1766.jpg,Will Smith
441,042_f6cff42f.jpg,Will Smith
442,043_33815e76.jpg,Will Smith
443,044_988edbe9.jpg,Will Smith
444,045_810b690c.jpg,Will Smith
445,046_6d5b1ed6.jpg,Will Smith
446,047_dc7e1839.jpg,Will Smith
447,048_bf9c2b11.jpg,Will Smith
448,049_15a71c48.jpg,Will Smith
449,050_f5bd72ba.jpg,Will Smith
450,051_1f3aede9.jpg,Will Smith
451,052_f15c0c78.jpg,Will Smith
452,053_8405b30f.jpg,Will Smith
453,054_cbee29ae.jpg,Will Smith
454,055_f9cbb53e.jpg,Will Smith
455,056_abd6e06b.jpg,Will Smith
456,057_faaa39ed.jpg,Will Smith
457,058_38b80eed.jpg,Will Smith
458,059_181bfc6b.jpg,Will Smith
459,060_8bb5cac3.jpg,Will Smith
460,061_4385aa8d.jpg,Will Smith
461,062_07fcfec7.jpg,Will Smith
462,063_46f560ca.jpg,Will Smith
463,064_88de03f4.jpg,Will Smith
464,065_5cb55293.jpg,Will Smith
465,066_5d45a68f.jpg,Will Smith
466,067_9e09ea61.jpg,Will Smith
467,068_b778f382.jpg,Will Smith
468,069_80468bd5.jpg,Will Smith
469,070_6743629d.jpg,Will Smith
470,071_5f7cdaaf.jpg,Will Smith
471,072_4a17b7fb.jpg,Will Smith
472,073_f04cd664.jpg,Will Smith
473,074_61fe25d9.jpg,Will Smith
474,075_65ffca63.jpg,Will Smith
475,076_d36850ba.jpg,Will Smith
476,077_eb907a5f.jpg,Will Smith
477,078_44637281.jpg,Will Smith
478,079_8575a4bc.jpg,Will Smith
479,080_94d3ede6.jpg,Will Smith
480,081_8dc3b149.jpg,Will Smith
481,082_ed9a24cc.jpg,Will Smith
482,083_a0692bc1.jpg,Will Smith
483,084_0d8b77bc.jpg,Will Smith
484,085_97ab4600.jpg,Will Smith
485,086_bd951ea7.jpg,Will Smith
486,087_6eba84a6.jpg,Will Smith
487,088_d6c5d9f4.jpg,Will Smith
488,089_97f39eb8.jpg,Will Smith
489,090_e959664a.jpg,Will Smith
490,091_082508dd.jpg,Will Smith
491,092_498e6999.jpg,Will Smith
492,093_dc555290.jpg,Will Smith
493,094_664a03cd.jpg,Will Smith
494,095_8a2dfab4.jpg,Will Smith
495,096_0881f6e7.jpg,Will Smith
496,097_5c18be93.jpg,Will Smith
497,098_6f416b6a.jpg,Will Smith
498,099_d652e3b6.jpg,Will Smith
499,100_89cbf87f.jpg,Will Smith
